<application>
  <component name="libraryTable">
    <library name="Python 2.7 (simple-echo-server) interpreter library">
      <CLASSES>
        <root url="file://$USER_HOME$/code/sandbox/java/reactive/context-api/simple-echo-server/venv/lib/python2.7" />
        <root url="file://$USER_HOME$/code/sandbox/java/reactive/context-api/simple-echo-server/venv/lib/python2.7/lib-dynload" />
        <root url="file:///usr/lib/python2.7" />
        <root url="file:///usr/lib/python2.7/plat-x86_64-linux-gnu" />
        <root url="file:///usr/lib/python2.7/lib-tk" />
        <root url="file://$USER_HOME$/code/sandbox/java/reactive/context-api/simple-echo-server/venv/local/lib/python2.7/site-packages" />
        <root url="file://$USER_HOME$/code/sandbox/java/reactive/context-api/simple-echo-server/venv/lib/python2.7/site-packages" />
        <root url="file://$USER_HOME$/.cache/JetBrains/IntelliJIdea2020.1/python_stubs/1914440312" />
        <root url="file://$APPLICATION_PLUGINS_DIR$/python/helpers/python-skeletons" />
        <root url="file://$APPLICATION_PLUGINS_DIR$/python/helpers/typeshed/stdlib/2" />
        <root url="file://$APPLICATION_PLUGINS_DIR$/python/helpers/typeshed/stdlib/2and3" />
        <root url="file://$APPLICATION_PLUGINS_DIR$/python/helpers/typeshed/third_party/2" />
        <root url="file://$APPLICATION_PLUGINS_DIR$/python/helpers/typeshed/third_party/2and3" />
      </CLASSES>
      <JAVADOC />
      <SOURCES>
        <root url="file://$USER_HOME$/code/sandbox/java/reactive/context-api/simple-echo-server/venv/lib/python2.7" />
        <root url="file://$USER_HOME$/code/sandbox/java/reactive/context-api/simple-echo-server/venv/lib/python2.7/lib-dynload" />
        <root url="file:///usr/lib/python2.7" />
        <root url="file:///usr/lib/python2.7/plat-x86_64-linux-gnu" />
        <root url="file:///usr/lib/python2.7/lib-tk" />
        <root url="file://$USER_HOME$/code/sandbox/java/reactive/context-api/simple-echo-server/venv/local/lib/python2.7/site-packages" />
        <root url="file://$USER_HOME$/code/sandbox/java/reactive/context-api/simple-echo-server/venv/lib/python2.7/site-packages" />
        <root url="file://$USER_HOME$/.cache/JetBrains/IntelliJIdea2020.1/python_stubs/1914440312" />
        <root url="file://$APPLICATION_PLUGINS_DIR$/python/helpers/python-skeletons" />
        <root url="file://$APPLICATION_PLUGINS_DIR$/python/helpers/typeshed/stdlib/2" />
        <root url="file://$APPLICATION_PLUGINS_DIR$/python/helpers/typeshed/stdlib/2and3" />
        <root url="file://$APPLICATION_PLUGINS_DIR$/python/helpers/typeshed/third_party/2" />
        <root url="file://$APPLICATION_PLUGINS_DIR$/python/helpers/typeshed/third_party/2and3" />
      </SOURCES>
    </library>
  </component>
</application>